{
    "FFlagDebugGraphicsPreferD3D11": "True",
    "FFlagHandleAltEnterFullscreenManually": "False",
    "DFIntTaskSchedulerTargetFps": "9999",
    "FFlagEnableInGameMenuChrome": "True",
    "FFlagEnableChromePinnedChat": "True",
    "FFlagVoiceBetaBadge": "False",
    "FIntDebugForceMSAASamples": "4",
    "FIntDebugFRMOptionalMSAALevelOverride": "4",
    "FFlagFixGraphicsQuality": "True",
    "FFlagPreloadAllFonts": "True",
    "FFlagAdServiceEnabled": "False",
    "DFFlagDisableDPIScale": "False",
    "FFlagDebugForceFutureIsBrightPhase3": "True"
}